Model,MAE,RMSE,R²
Linear Regression,99272.35348821046,137304.75677013994,0.7417258489311278
Random Forest,58033.2088789474,102825.75129216816,0.8551516477643415
